11,366,1,,,,,,,,,,
,,,,,,,,,,,,
Individual,iso_st_mcg_org_loc_yr_hst, 5-2(F), 6-2(F), 7-2(F), 8-3(H), 9-2(F), 12-2(H), 17-3(H), 20-3(F), 55-4(F),110-4(H),114-4(H)
152A,152_3.9_4_NE_unk_2003_GH,320,489,172,252,360,216,348,280,173,378,371
274A,274_5.4_45_NE_unk_2003_GH,320,489,172,252,360,216,348,280,173,378,359
443A,443_6.3_5_NY_unk_2003_GH,324,483,172,250,360,216,348,280,173,378,367
444A,444_4.4_4_MN_wmn_2003_G122,320,489,172,252,360,216,348,280,173,378,371
445A,445_4.7_4_MN_wmn_2003_Beryl,320,489,172,252,360,216,348,280,173,378,371
446A,446_6.1_3_MI_wmn_2003_Beryl,322,483,172,252,360,216,348,280,165,386,359
447A,447_5.5_5_MI_wmn_2003_Beryl,322,483,172,250,360,222,348,280,173,378,367
448A,448_5_3_MI_wmn_2003_Beryl,324,483,172,250,360,216,348,280,165,386,359
449A,449_5.2_3_MI_wmn_2003_Bunsi,322,483,172,250,360,216,348,280,165,386,367
450A,450_5.3_5_MI_wmn_2003_Bunsi,322,483,172,250,362,216,348,280,173,378,367
451A,451_5.6_16_MI_wmn_2003_Bunsi,320,489,170,252,360,216,348,280,169,378,371
452A,452_6_5_MI_wmn_2003_G122,322,483,172,250,360,216,348,280,173,378,367
453A,453_4.5_4_MI_wmn_2003_G122,320,489,172,252,360,216,348,280,173,378,371
454A,454_4.4_16_MI_wmn_2003_G122,320,489,170,252,360,216,348,280,169,378,371
455A,455_4.4_4_OR_unk_2003_GH,320,489,172,252,360,222,348,280,173,378,371
456A,456_4.1_2_WA_unk_2003_GH,322,483,174,250,362,216,348,282,165,386,367
457A,457_5.6_2_WA_wmn_2003_Beryl,324,483,172,250,362,222,348,280,165,386,367
458A,458_4.5_54_WA_wmn_2003_Beryl,320,483,172,252,360,222,348,280,173,378,367
459A,459_5_53_WA_wmn_2003_Beryl,320,489,170,252,360,222,348,280,165,386,355
460A,460_4.5_55_WA_wmn_2003_Bunsi,320,489,170,250,360,222,348,282,204,370,355
461A,461_4.9_56_WA_wmn_2003_Bunsi,320,489,172,252,360,222,348,280,173,378,371
462A,462_4.6_57_WA_wmn_2003_Bunsi,320,489,170,250,360,222,348,280,173,370,355
463A,463_5.2_5_WA_wmn_2003_G122,324,483,172,252,360,222,348,280,173,378,367
464A,464_4.1_58_WA_wmn_2003_G122,322,489,170,250,360,222,348,280,173,378,367
465A,465_3.6_53_WA_wmn_2003_G122,320,483,170,252,360,222,348,280,173,386,367
467A,467_4.6_45_CO_wmn_2003_GH,320,483,172,250,360,222,348,280,173,378,371
469A,469_4.3_10_OR_wmn_2003_Beryl,322,489,174,250,360,222,348,280,173,378,359
472A,472_3.7_11_OR_wmn_2003_Bunsi,320,489,172,252,360,222,348,280,173,378,371
473A,473_5.8_5_OR_wmn_2003_Bunsi,324,483,172,250,360,216,348,280,173,378,367
474A,474_3.5_12_OR_wmn_2003_Bunsi,322,483,170,252,360,216,348,280,165,386,371
475A,475_6.2_5_OR_corv_2003_G122,324,483,172,250,360,216,348,280,173,378,367
476A,476_5.3_5_OR_wmn_2003_G122,324,483,172,252,360,216,348,280,173,378,367
477A,477_4.2_10_OR_wmn_2003_G122,324,483,172,250,360,216,348,280,173,386,359
478A,478_4.3_5_WI_unk_2003_GH,324,483,170,252,360,216,348,280,173,378,367
479A,479_4.5_5_WI_dfor_2003_GH,324,483,172,250,360,216,348,280,173,378,371
482A,482_4.3_18_MI_unk_2003_GH,322,483,170,250,360,216,348,280,165,386,371
483A,483_5.3_13_ID_unk_2003_GH,320,483,170,252,360,216,348,280,169,378,355
496A,496_5.1_83_AU_wmn_2004_G122,324,483,172,250,360,216,348,280,173,386,359
499A,499_5.6_85_AU_wmn_2004_Bunsi,320,483,172,250,360,216,348,280,173,378,367
500A,500_1.4_83_AU_wmn_2004_Beryl,318,495,172,250,360,216,348,280,153,374,367
501A,501_3.3_84_AU_wmn_2004_Beryl,318,495,168,252,360,216,348,280,157,374,359
502A,502_4.5_84_AU_vic_2004_Beryl,318,495,170,252,360,216,348,280,157,386,359
503A,503_4.8_38_AU_vic_2004_Beryl,320,489,170,254,360,216,348,280,173,382,371
555A,555_6.4_44_MN_wmn_2004_Bunsi,320,495,160,244,360,216,348,280,188,374,339
556A,556_5.3_44_MN_wmn_2004_Bunsi,320,495,160,244,360,216,348,280,188,374,339
557A,557_6.2_44_MN_wmn_2004_Bunsi,320,489,160,244,362,216,348,280,188,382,339
558A,558_6.8_44_MN_wmn_2004_G122,318,495,172,250,360,216,348,280,153,374,367
559A,559_5.7_44_MN_wmn_2004_G122,318,495,168,252,360,216,348,280,157,374,359
560A,560_5.8_44_MN_wmn_2004_G122,318,495,170,252,360,216,348,280,157,386,359
561A,561_7.3_44_MN_wmn_2004_Beryl,320,489,170,254,360,216,348,280,173,382,371
562A,562_5.5_4_MN_wmn_2004_Beryl,320,495,160,244,360,216,348,280,188,374,339
563A,563_6.1_44_MN_wmn_2004_Beryl,320,495,160,244,360,216,348,280,188,374,339
564A,564_4.8_59_WA_wmn_2004_Beryl,320,489,160,244,362,216,348,280,188,382,339
565A,565_4.8_4_WA_wmn_2004_Beryl,320,495,170,250,368,222,348,280,157,374,343
566A,566_6.1_2_WA_wmn_2004_Bunsi,320,483,170,250,368,222,348,280,157,386,343
567A,567_5_2_WA_wmn_2004_Bunsi,320,483,170,250,368,222,348,280,157,386,343
568A,568_4.1_53_WA_wmn_2004_G122,320,495,160,244,360,222,348,280,216,374,339
569A,569_5.3_4_WA_wmn_2004_G122,320,495,160,244,360,222,348,280,188,374,339
570A,570_5.2_7_NE_wmn_2004_Bunsi,322,483,172,250,360,222,348,280,173,378,339
571A,571_4.3_8_NE_wmn_2004_Bunsi,320,495,170,250,368,222,348,280,157,374,343
572A,572_5.7_44_NE_wmn_2004_Bunsi,320,489,172,252,360,222,348,280,173,378,371
573A,573_3.9_1_NE_wmn_2004_G122,322,483,172,250,362,222,348,280,165,378,367
574A,574_4.2_1_NE_wmn_2004_G122,320,483,170,250,368,222,348,280,157,386,343
575A,575_5.2_1_NE_wmn_2004_G122,320,483,170,250,368,222,348,280,157,386,343
576A,576_4.1_1_NE_wmn_2004_Beryl,320,489,174,250,362,222,348,280,177,378,367
577A,577_4.9_6_NE_wmn_2004_Beryl,320,495,160,244,360,222,348,280,216,374,339
578A,578_6.9_44_NE_wmn_2004_Beryl,320,495,160,244,360,222,348,280,188,374,339
584A,584_6_3_OR_wmn_2004_G122,322,483,172,250,360,222,348,280,173,378,416
585A,585_4.3_4_OR_wmn_2004_G122,318,483,170,252,360,222,348,282,157,378,387
586A,586_5.3_14_OR_wmn_2004_G122,318,495,168,252,360,222,348,282,157,370,416
587A,587_5.5_5_OR_wmn_2004_Beryl,322,483,172,250,360,222,348,280,173,378,339
588A,588_5.3_4_OR_wmn_2004_Beryl,320,489,172,252,360,222,348,280,173,378,371
589A,589_4.8_2_OR_wmn_2004_Beryl,322,483,172,250,362,222,348,280,165,378,367
590A,590_5.3_5_OR_wmn_2004_Bunsi,320,483,162,252,362,222,348,280,157,370,416
591A,591_2.9_15_OR_wmn_2004_Bunsi,320,489,174,250,362,222,348,280,177,378,367
592A,592_5.5_5_OR_wmn_2004_Bunsi,322,483,172,250,360,222,348,280,173,378,416
593A,593_4.2_27_CA_wmn_2004_Bunsi,318,483,170,252,360,222,348,282,157,378,387
594A,594_4.6_21_CA_wmn_2004_Bunsi,320,483,170,254,360,222,348,280,157,370,387
595A,595_4.7_28_CA_wmn_2004_Bunsi,320,483,162,252,360,216,348,280,157,374,416
596A,596_3.3_25_CA_wmn_2004_G122,322,483,162,244,360,216,348,280,157,370,339
597A,597_4.3_29_CA_wmn_2004_G122,318,495,168,252,360,222,348,282,157,370,416
598A,598_3.5_22_CA_wmn_2004_G122,320,483,162,252,362,222,348,280,157,370,416
599A,599_3.3_25_CA_wmn_2004_Beryl,320,483,170,254,360,222,348,280,157,370,387
600A,600_4.3_23_CA_wmn_2004_Beryl,320,483,162,252,360,216,348,280,157,374,416
601A,601_3.8_22_CA_wmn_2004_Beryl,322,483,162,244,360,216,348,280,157,370,339
602A,602_4.3_36_FR_wmn_2004_Bunsi,320,483,172,244,360,216,348,280,173,378,339
603A,603_4.8_1_FR_wmn_2004_Bunsi,320,483,170,250,360,216,348,280,157,386,367
604A,604_3.9_37_FR_wmn_2004_Bunsi,320,483,172,244,360,216,348,280,173,378,339
605A,605_6.5_33_FR_wmn_2004_Beryl,320,483,172,252,360,216,348,280,165,386,371
606A,606_5.5_33_FR_wmn_2004_Beryl,320,483,170,250,360,216,348,280,157,386,367
607A,607_4.5_33_FR_wmn_2004_Beryl,320,483,172,252,360,216,348,280,165,386,339
608A,608_4.5_34_FR_wmn_2004_G122,320,483,170,254,360,216,348,280,165,370,339
609A,609_3.9_38_FR_wmn_2004_G122,320,489,170,244,360,216,348,280,173,382,371
610A,610_5.5_39_FR_wmn_2004_G122,318,495,172,250,360,216,348,280,153,374,367
611A,611_6.9_5_MI_wmn_2004_Beryl,322,483,172,244,360,216,348,280,173,378,367
615A,615_4.3_47_MX_wmn_2005_Bunsi,320,483,174,256,372,216,351,280,173,374,355
616A,616_3.9_48_MX_wmn_2005_Beryl,320,483,168,252,360,214,360,280,157,370,416
617A,617_4.8_49_MX_wmn_2005_G122,320,483,174,256,372,216,357,280,173,374,355
618A,618_4.8_49_MX_wmn_2005_Bunsi,320,483,174,256,372,216,357,280,173,374,416
619A,619_5.4_49_MX_wmn_2005_Beryl,320,483,174,256,372,216,357,280,173,374,416
620A,620_5.7_50_MX_wmn_2005_G122,320,483,174,256,372,216,351,280,157,374,355
621A,621_4_51_MX_wmn_2005_Bunsi,320,483,174,256,372,216,357,280,157,374,387
622A,622_4.3_49_MX_wmn_2005_Beryl,320,483,174,256,372,214,357,280,173,374,387
623A,623_4.8_49_MX_wmn_2005_G122,320,483,174,256,372,216,357,280,173,374,387
624A,624_4.5_48_MX_wmn_2005_G122,320,483,170,252,360,214,360,280,157,374,416
625A,625_5.7_49_MX_wmn_2005_Beryl,320,483,174,256,372,216,357,280,157,374,387
626A,626_4.2_49_MX_wmn_2005_Bunsi,320,483,174,256,372,216,357,280,173,374,387
627A,627_3.3_49_MX_wmn_2005_G122,320,483,174,256,372,216,357,280,173,374,387
628A,628_3.7_49_MX_wmn_2005_Beryl,320,483,174,256,372,216,357,280,173,374,387
629A,629_4.8_52_MX_wmn_2005_Bunsi,320,483,174,256,372,216,351,280,157,374,355
630A,630_5.5_50_MX_wmn_2005_G122,320,483,174,256,372,216,351,280,157,374,355
631A,631_4.7_50_MX_wmn_2005_Beryl,320,483,174,256,372,216,351,280,157,374,355
632A,632_4.1_47_MX_wmn_2005_Bunsi,320,483,174,256,372,216,351,280,173,374,355
639A,639_4.7_44_NE_wmn_2005_G122,320,495,158,244,360,216,354,280,188,374,339
640A,640_6.3_44_NE_wmn_2005_Beryl,320,495,158,244,360,216,354,280,188,374,339
641A,641_5.8_44_NE_wmn_2005_Beryl,320,495,158,244,360,216,354,280,188,374,339
642A,642_6.2_9_NE_wmn_2005_G122,320,495,158,244,360,216,354,280,212,374,339
643A,643_5.2_6_NE_wmn_2005_G122,320,495,160,244,360,216,363,280,216,374,339
644A,644_6.8_44_NE_wmn_2005_Beryl,320,495,160,244,360,216,354,280,188,374,339
645A,645_4.8_53_WA_wmn_2005_Beryl,320,489,170,252,360,218,342,280,165,386,355
646A,646_5.4_60_WA_wmn_2005_Bunsi,322,483,172,250,360,222,348,280,173,378,367
647A,647_6.2_2_WA_wmn_2005_G122,322,483,172,250,362,216,348,280,165,386,367
648A,648_4.8_53_WA_wmn_2005_Beryl,320,489,170,252,360,218,342,280,165,386,359
649A,649_4.6_61_WA_wmn_2005_Bunsi,320,489,172,252,360,216,348,280,173,386,367
650A,650_5.1_62_WA_wmn_2005_G122,322,489,170,250,360,216,348,280,173,370,367
651A,651_4_5_WA_wmn_2005_Beryl,324,483,172,250,360,222,348,280,173,378,367
652A,652_4.6_63_WA_wmn_2005_Bunsi,324,489,170,252,360,216,342,280,173,386,355
653A,653_4.3_53_WA_wmn_2005_G122,320,489,168,252,360,218,342,280,165,386,355
654A,654_6.5_5_ND_wmn_2005_G122,324,483,172,250,360,222,348,280,173,378,367
655A,655_4_46_ND_wmn_2005_Bunsi,320,483,168,250,368,216,348,280,157,386,343
656A,656_5.8_46_ND_wmn_2005_Beryl,320,483,170,250,368,216,348,280,157,386,367
657A,657_4_46_ND_wmn_2005_G122,320,483,170,250,368,216,348,280,157,386,343
658A,658_5.8_46_ND_wmn_2005_Beryl,320,483,168,250,368,216,348,280,157,386,343
659A,659_3.3_46_ND_wmn_2005_G122,322,483,170,252,360,216,348,280,157,386,343
660A,660_5.8_45_ND_wmn_2005_Beryl,320,489,172,252,360,216,348,280,173,386,371
661A,661_5.3_17_MI_wmn_2005_G122,320,495,158,244,360,216,363,280,216,374,339
662A,662_4.7_3_MI_wmn_2005_Bunsi,322,483,172,250,360,216,348,280,165,386,359
663A,663_4.4_18_MI_wmn_2005_Beryl,320,489,168,252,362,216,348,280,165,370,355
664A,664_5.3_16_MI_wmn_2005_Bunsi,320,489,160,252,360,216,348,280,169,378,371
665A,665_7_5_MI_wmn_2005_G122,322,483,170,252,360,222,348,280,173,378,367
666A,666_5.1_19_MI_wmn_2005_Beryl,320,495,170,256,364,216,360,280,157,370,408
667A,667_3.8_20_MI_wmn_2005_G122,320,489,160,252,360,218,342,280,169,370,355
668A,668_6.2_17_MI_wmn_2005_Beryl,320,495,172,250,360,216,363,280,216,374,339
669A,669_5.2_5_MI_wmn_2005_Bunsi,324,483,170,250,360,222,348,280,173,378,367
673A,673_4.5_24_CA_wmn_2005_Beryl,320,495,172,250,360,218,342,280,157,370,387
674A,674_4.8_30_CA_wmn_2005_Beryl,320,495,160,250,360,218,342,280,157,370,367
675A,675_4_31_CA_wmn_2005_Beryl,320,495,170,270,382,222,348,280,157,370,371
676A,676_3.3_25_CA_wmn_2005_G122,320,483,172,252,360,216,342,280,157,370,387
677A,677_3.8_32_CA_wmn_2005_G122,320,483,172,256,360,222,360,280,157,370,416
678A,678_3.8_21_CA_wmn_2005_G122,320,495,172,252,372,216,360,280,157,386,416
679A,679_3.7_23_CA_wmn_2005_Bunsi,320,483,172,252,360,216,360,280,157,374,416
680A,680_4.8_24_CA_wmn_2005_Bunsi,320,495,172,252,382,218,342,280,157,370,387
681A,681_3.5_26_CA_wmn_2005_Bunsi,320,495,160,270,370,216,348,280,157,370,371
682A,682_4.9_40_FR_wmn_2005_Bunsi,320,483,160,254,362,218,360,280,157,382,375
683A,683_4.5_41_FR_wmn_2005_Bunsi,320,483,160,252,360,218,348,280,173,378,355
684A,684_4.3_34_FR_wmn_2005_Bunsi,320,483,160,250,380,216,342,280,165,370,367
685A,685_4.8_42_FR_wmn_2005_Beryl,320,489,160,252,360,222,342,280,173,386,367
686A,686_3.9_35_FR_wmn_2005_Beryl,320,483,160,252,360,222,342,280,165,386,355
687A,687_4.2_35_FR_wmn_2005_Beryl,320,483,170,252,360,222,342,280,165,386,355
688A,688_4.1_43_FR_wmn_2005_G122,320,489,170,252,360,218,342,280,169,370,339
689A,689_3.7_35_FR_wmn_2005_G122,320,483,160,252,360,222,342,280,165,386,355
690A,690_5_35_FR_wmn_2005_G122,320,483,170,252,360,222,342,280,165,386,355
698A,698_7.8_5_ND_rrv_2007_unk,322,483,172,248,360,222,348,280,173,378,367
699A,699_5.8_4_ND_rrv_2007_unk,320,489,170,252,360,216,348,280,173,378,371
700A,700_5_45_ND_rrv_2007_unk,320,489,172,252,360,216,348,280,173,386,371
701A,701_4.9_5_ND_rrv_2007_unk,322,483,172,250,360,222,348,280,173,378,367
702A,702_5_5_ND_rrv_2007_unk,322,483,172,250,360,222,348,280,173,378,367
703A,703_5.5_5_ND_rrv_2007_unk,322,483,170,248,360,222,348,280,173,378,367
704A,704_4.8_44_ND_rrv_2007_unk,320,495,170,244,360,216,354,280,188,374,339
705A,705_7.8_44_ND_rrv_2007_unk,320,495,172,244,360,216,354,280,188,374,339
706A,706_5.1_44_ND_rrv_2007_unk,320,495,170,244,360,216,354,280,188,374,339
707A,707_6.1_61_ND_rrv_2007_unk,320,489,170,252,360,216,348,280,173,386,367
708A,708_7.8_44_ND_rrv_2007_unk,320,495,172,244,360,216,354,280,188,374,339
709A,709_7.7_6_ND_rrv_2007_unk,320,495,170,244,360,216,363,280,216,374,339
710A,710_7.9_44_ND_gfc_2007_unk,320,495,170,244,360,216,354,280,173,374,339
711A,711_7_45_ND_gfc_2007_unk,320,489,172,252,360,216,348,280,188,386,371
712A,712_6.6_64_ND_gfc_2007_unk,320,483,170,250,364,216,348,280,177,378,367
713A,713_6.6_65_ND_gfc_2007_unk,320,489,170,252,362,222,348,280,173,378,371
714A,714_7_5_ND_rrv_2007_unk,322,483,160,250,360,222,348,280,173,378,367
715A,715_7.4_5_ND_rrv_2007_unk,322,483,170,248,360,222,348,280,173,378,367
716A,716_6.3_66_ND_gfc_2007_unk,320,489,170,248,360,222,342,280,173,378,367
717A,717_7.8_5_ND_rrv_2007_unk,322,483,172,250,360,222,348,280,173,378,367
718A,718_5.5_67_ND_rrv_2007_unk,320,489,160,254,360,222,351,280,173,382,375
719A,719_7.5_44_ND_rrv_2007_unk,320,495,172,244,360,216,354,280,188,374,339
720A,720_6_68_ND_rrv_2007_unk,320,489,170,252,364,222,348,280,173,378,371
721A,721_6.3_68_ND_rrv_2007_unk,320,489,172,252,364,222,348,280,173,378,371
722A,722_6_45_ND_rrv_2007_unk,320,489,160,252,360,216,348,280,173,386,371
723A,723_6.5_5_ND_rrv_2007_unk,322,483,172,250,360,222,348,280,173,378,367
724A,724_4.2_45_CO_luc_2007_Yellow,320,489,160,252,360,216,348,280,173,386,371
725A,725_5_45_CO_luc_2007_Yellow,320,489,170,252,360,216,348,280,173,386,371
726A,726_4.1_45_CO_luc_2007_Yellow,320,489,170,252,360,216,348,280,173,386,371
727A,727_4.2_4_CO_luc_2007_Yellow,320,489,172,252,360,216,348,280,173,378,371
728A,728_4.9_9_CO_luc_2007_Yellow,320,495,160,244,360,216,357,280,212,374,339
729A,729_4.4_8_CO_luc_2007_Yellow,320,489,170,254,360,218,348,280,157,370,359
730A,730_3.8_8_CO_luc_2007_Yellow,320,489,170,254,360,218,348,280,157,370,359
731A,731_4.7_7_CO_gree_2007_Yellow,320,495,160,244,360,216,357,280,169,374,339
732A,732_4_8_CO_gree_2007_Yellow,320,489,170,244,360,218,348,280,157,370,359
733A,733_3.8_8_CO_gree_2007_Yellow,320,489,170,254,360,218,348,280,157,370,359
734A,734_5.2_9_CO_gree_2007_Yellow,320,495,160,244,360,216,357,280,212,374,339
735A,735_4.5_45_CO_gree_2007_Yellow,320,489,172,252,360,216,348,280,173,386,371
736A,736_4.5_8_CO_gree_2007_Yellow,320,489,170,254,360,218,348,280,157,370,359
737A,737_4_45_CO_gree_2007_Yellow,320,489,172,252,360,216,348,280,173,386,371
738A,738_4.4_7_CO_eat_2007_Yellow,320,495,162,244,360,216,357,280,169,374,339
739A,739_4.2_8_CO_eat_2007_Yellow,320,489,170,254,360,218,348,280,157,370,359
740A,740_3.9_45_CO_eat_2007_Yellow,320,489,172,252,360,216,348,280,173,386,371
741A,741_3.9_45_CO_eat_2007_Yellow,320,489,172,252,360,216,348,280,173,386,371
743A,743_3.8_69_CO_eat_2007_Yellow,320,489,172,250,360,216,348,280,173,382,375
744A,744_4.3_45_CO_eat_2007_Yellow,320,489,172,252,360,216,348,280,173,386,371
746A,746_4.3_45_NE_mtc_2007_Beryl,320,489,172,252,360,216,348,280,173,386,371
747A,747_6.3_44_NE_mtc_2007_Beryl,320,495,160,244,360,216,354,280,188,374,339
748A,748_5.7_9_NE_mtc_2007_Beryl,320,495,160,244,360,216,357,280,212,374,339
749A,749_5.7_9_NE_mtc_2007_Beryl,320,495,160,244,360,216,357,280,212,374,339
750A,750_5.6_44_NE_mtc_2007_Beryl,320,495,160,244,360,216,354,280,188,374,339
751A,751_5.3_44_NE_sbf_2007_Beryl,320,495,160,244,360,216,354,280,188,374,339
752A,752_5.7_44_NE_sbf_2007_Weihing,320,495,160,244,360,216,354,280,188,374,339
753A,753_4.4_1_NE_sbf_2007_Weihing,320,483,170,250,368,216,348,280,157,386,343
754A,754_4.8_1_NE_sbf_2007_Weihing,320,483,170,250,368,216,348,280,157,386,343
755A,755_4.5_44_NE_sbf_2007_Beryl,320,495,160,244,360,216,354,280,188,374,339
756A,756_4_58_WA_prsr_2007_Pinto,324,489,170,252,360,222,348,280,173,378,367
757A,757_4.4_70_WA_prsr_2007_Pinto,324,483,172,252,362,222,342,280,165,386,359
758A,758_4.1_71_WA_prsr_2007_Pinto,320,483,170,250,360,222,342,280,165,386,355
759A,759_4.3_72_WA_prsr_2007_Pinto,322,483,172,250,360,222,342,280,173,378,367
760A,760_4.5_5_WA_prsr_2007_Pinto,322,483,172,248,360,222,348,280,173,378,367
762A,762_4.1_5_WA_prsr_2007_Pinto,324,483,172,250,360,222,348,280,173,378,367
763A,763_3.8_73_WA_prsr_2007_Pinto,320,489,170,248,360,216,342,280,173,378,355
764A,764_3.9_73_WA_prsr_2007_redkid,320,489,170,248,360,216,342,280,173,378,355
765A,765_3.2_61_WA_prsr_2007_redkid,320,489,172,252,362,216,348,280,173,386,367
766A,766_3.7_74_WA_prsr_2007_redkid,322,489,170,250,362,216,342,280,165,370,355
767A,767_3.8_75_WA_prsr_2007_redkid,324,489,170,252,360,216,342,280,173,370,355
768A,768_4.1_70_WA_prsr_2007_redkid,322,483,172,250,362,216,348,280,165,386,359
769A,769_4.8_76_WA_prsr_2007_redkid,324,489,170,252,360,216,342,280,173,378,367
770A,770_4.3_75_WA_prsr_2007_redkid,320,489,170,252,360,222,348,282,169,370,355
771A,771_3.6_58_WA_prsr_2007_Merlot,324,489,172,252,360,222,348,280,173,378,367
772A,772_5.1_5_WA_prsr_2007_Merlot,324,483,170,252,360,222,348,280,173,378,367
773A,773_4.5_5_WA_prsr_2007_Merlot,320,489,160,252,360,216,348,280,169,378,371
774A,774_4.3_2_WA_prsr_2007_Merlot,322,483,170,252,360,222,348,280,173,378,367
775A,775_4.3_70_WA_prsr_2007_Merlot,320,495,170,256,364,216,360,280,157,370,408
776A,776_4.8_2_WA_prsr_2007_Merlot,320,489,160,252,360,218,342,280,169,370,355
777A,777_3.8_77_WA_prsr_2007_Merlot,320,495,172,250,360,216,363,280,216,374,339
778A,778_4.1_78_WA_prsr_2007_Merlot,324,483,170,250,360,222,348,280,173,378,367
786A,786_5.4_53_WA_wmn_2008_11A,320,495,172,250,360,218,342,280,157,370,387
787A,787_5.8_2_WA_wmn_2008_cornell,320,495,160,250,360,218,342,280,157,370,367
788A,788_6_5_WA_wmn_2008_WM31,320,495,170,270,382,222,348,280,157,370,371
789A,789_4.8_79_WA_wmn_2008_Bunsi,320,483,172,252,360,216,342,280,157,370,387
790A,790_5_80_WA_wmn_2008_37,320,483,172,256,360,222,360,280,157,370,416
791A,791_5.4_53_WA_wmn_2008_G122,320,495,172,252,372,216,360,280,157,386,416
792A,792_5.8_2_WA_wmn_2008_PO7863,320,483,172,252,360,216,360,280,157,374,416
793A,793_5.3_81_WA_wmn_2008_Orion,320,495,172,252,382,218,342,280,157,370,387
794A,794_5.3_82_WA_wmn_2008_Beryl,320,495,160,270,370,216,348,280,157,370,371
795A,795_5.4_80_WA_wmn_2008_PO7104,320,483,160,254,362,218,360,280,157,382,375
796A,796_4.8_53_WA_wmn_2008_38,320,483,160,252,360,218,348,280,173,378,355
797A,797_5.2_79_WA_wmn_2008_cornell,320,483,160,250,380,216,342,280,165,370,367
798A,798_6.3_16_MI_wmn_2008_Bunsi,320,489,160,252,360,222,342,280,173,386,367
799A,799_4.5_20_MI_wmn_2008_cornell,320,483,160,252,360,222,342,280,165,386,355
800A,800_5.2_20_MI_wmn_2008_11A,320,483,170,252,360,222,342,280,165,386,355
801A,801_4.6_5_MI_wmn_2008_G122,320,489,170,252,360,218,342,280,169,370,339
802A,802_5.8_5_MI_wmn_2008_cornell,320,483,160,252,360,222,342,280,165,386,355
803A,803_7.1_5_MI_wmn_2008_PO7863,320,483,170,252,360,222,342,280,165,386,355
804A,804_4.8_5_MI_wmn_2008_Orion,322,483,172,248,360,222,348,280,173,378,367
805A,805_5.8_18_ND_stc_2010_unk,320,483,170,252,360,216,348,280,165,382,339
806A,806_7.1_17_MI_wmn_2008_Beryl,320,489,170,252,360,216,348,280,173,378,371
807A,807_5.5_5_MI_wmn_2008_38,320,489,172,252,360,216,348,280,173,386,371
808A,808_5_5_MI_wmn_2008_B07104,322,483,172,250,360,222,348,280,173,378,367
809A,809_5.2_4_MI_wmn_2008_WM31,322,483,172,250,360,222,348,280,173,378,367
810A,810_5.6_5_MI_wmn_2008_37,322,483,170,248,360,222,348,280,173,378,367
811A,811_4.8_18_ND_stc_2010_unk,320,483,170,244,360,222,354,280,165,386,367
812A,812_4.6_18_ND_nec_2010_unk,322,483,170,252,360,222,354,280,173,386,371
813A,813_4.3_5_MI_tuc_2008_Vista,320,495,170,244,360,216,354,280,188,374,339
814A,814_5.3_3_MI_tuc_2008_Vista,320,495,172,244,360,216,354,280,188,374,339
815A,815_4.8_17_MI_tuc_2008_Vista,320,495,170,244,360,216,354,280,188,374,339
816A,816_5.3_17_MI_tuc_2008_Vista,320,489,170,252,360,216,348,280,173,386,367
817A,817_4.2_20_MI_hur_2008_BL,320,495,172,244,360,216,354,280,188,374,339
818A,818_6.1_3_MI_hur_2008_Vista,320,495,170,244,360,216,363,280,216,374,339
819A,819_5.6_5_MI_hur_2008_Vista,320,495,170,244,360,216,354,280,173,374,339
824A,824_4.9_44_MI_sanc_2008_Merlot,320,489,172,252,360,216,348,280,188,386,371
825A,825_5.1_6_MI_sanc_2008_Merlot,320,483,170,250,364,216,348,280,177,378,367
826A,826_6_44_MI_sanc_2008_Merlot,320,489,170,252,362,222,348,280,173,378,371
827A,827_5.4_1_NE_wmn_2008_unk,322,483,160,250,360,222,348,280,173,378,367
828A,828_4.2_9_NE_wmn_2008_unk,322,483,170,248,360,222,348,280,173,378,367
829A,829_4.7_9_NE_wmn_2008_unk,320,489,170,248,360,222,342,280,173,378,367
830A,830_4_9_NE_wmn_2008_unk,320,489,160,254,360,222,351,280,173,382,375
831A,831_3.8_9_NE_wmn_2008_unk,320,495,172,244,360,216,354,280,188,374,339
832A,832_5_9_NE_wmn_2008_unk,320,489,170,252,364,222,348,280,173,378,371
833A,833_5.3_44_NE_wmn_2008_unk,320,489,172,252,364,222,348,280,173,378,371
835A,835_4.3_1_NE_wmn_2008_unk,320,489,160,252,360,216,348,280,173,386,371
836A,836_4.9_1_NE_wmn_2008_unk,322,483,172,250,360,222,348,280,173,378,367
837A,837_5.4_1_NE_wmn_2008_unk,320,489,160,252,360,216,348,280,173,386,371
838A,838_4.4_1_NE_sbf_2009_Pinto,320,489,170,252,360,216,348,280,173,386,371
839A,839_3.8_5_MI_wmn_2009_Beryl,320,489,170,252,360,216,348,280,173,386,371
840A,840_4.8_17_MI_wmn_2009_G122,320,489,172,252,360,216,348,280,173,378,371
841A,841_2.8_9_MI_wmn_2009_Bunsi,320,495,160,244,360,216,357,280,212,374,339
842A,842_5.1_20_MI_wmn_2009_Bunsi,320,489,170,254,360,218,348,280,157,370,359
843A,843_3.4_20_MI_wmn_2009_Bunsi,320,489,170,254,360,218,348,280,157,370,359
844A,844_4.3_86_MI_wmn_2009_Bunsi,320,495,160,244,360,216,357,280,169,374,339
845A,845_4.8_5_MI_wmn_2009_G122,320,489,170,244,360,218,348,280,157,370,359
846A,846_4.7_5_MI_wmn_2009_G122,320,489,170,254,360,218,348,280,157,370,359
847A,847_4.7_9_MI_wmn_2009_G122,320,495,160,244,360,216,357,280,212,374,339
848A,848_3.8_5_MI_wmn_2009_Beryl,320,489,172,252,360,216,348,280,173,386,371
849A,849_4.7_5_MI_wmn_2009_Beryl,320,489,170,254,360,218,348,280,157,370,359
850A,850_4.6_5_MI_wmn_2009_Beryl,320,489,172,252,360,216,348,280,173,386,371
851A,851_4.3_7_MI_Sebewaing_2009_Black,320,495,162,244,360,216,357,280,169,374,339
852A,852_4.5_5_MI_eln_2009_unk,320,489,170,254,360,218,348,280,157,370,359
853A,853_4.2_5_MI_mung_2009_Zorro,320,489,172,252,360,216,348,280,173,386,371
854A,854_5_5_MI_tuc_2009_Fuji,320,489,172,252,360,216,348,280,173,386,371
855A,855_4.4_18_MI_hur_2009_Black,320,489,172,250,360,216,348,280,173,382,375
858A,858_6.3_5_MI_hur_2009_SR06233,320,489,172,252,360,216,348,280,173,386,371
859A,859_6.9_5_MI_tuc_2009_Black,320,489,172,252,360,216,348,280,173,386,371
860A,860_6.8_5_MI_unk_2009_unk,320,495,160,244,360,216,354,280,188,374,339
861A,861_7.2_9_NE_mtc_2010_Orion,320,495,160,244,360,216,357,280,212,374,339
862A,862_6.2_9_NE_mtc_2010_Orion,320,495,160,244,360,216,357,280,212,374,339
863A,863_6.8_44_NE_mtc_2010_Orion,320,495,160,244,360,216,354,280,188,374,339
864A,864_6.3_44_NE_mtc_2010_Orion,320,495,160,244,360,216,354,280,188,374,339
865A,865_5.8_44_NE_mtc_2010_Orion,320,495,160,244,360,216,354,280,188,374,339
866A,866_6.4_1_NE_mtc_2010_Orion,320,483,170,250,368,216,348,280,157,386,343
867A,867_6.5_1_NE_mtc_2010_Emerson,320,483,170,250,368,216,348,280,157,386,343
868A,868_5.4_44_NE_wmn_2010_Beryl,320,495,160,244,360,216,354,280,188,374,339
869A,869_5.6_1_NE_wmn_2010_PO7683,324,489,170,252,360,222,348,280,173,378,367
870A,870_6_45_CO_luc_2010_Yellow,324,483,172,252,362,222,342,280,165,386,359
871A,871_6.8_5_CO_luc_2010_Yellow,320,483,170,250,360,222,342,280,165,386,355
872A,872_5_5_CO_luc_2010_Yellow,322,483,172,250,360,222,342,280,173,378,367
873A,873_4.3_5_CO_luc_2010_Yellow,322,483,172,248,360,222,348,280,173,378,367
874A,874_6.8_44_CO_luc_2010_Yellow,320,495,158,244,360,214,354,280,188,374,339
875A,875_5.3_86_CO_luc_2010_Yellow,320,495,158,244,360,214,357,280,169,374,339
876A,876_4.3_44_CO_luc_2010_Yellow,320,495,158,244,360,216,354,280,188,374,339
877A,877_3.9_16_CO_gree_2010_Pinto,320,489,172,252,360,216,348,280,173,378,371
878A,878_4.7_16_CO_gree_2010_Pinto,320,489,172,252,360,214,348,280,173,386,371
879A,879_6.1_44_CO_gree_2010_Pinto,320,495,160,252,360,214,354,280,188,374,339
880A,880_5.2_44_CO_gree_2010_Pinto,320,495,160,252,360,216,357,280,169,374,339
881A,881_5.9_4_CO_gree_2010_Pinto,320,495,158,244,360,216,354,280,188,374,359
882A,882_4.3_50_CO_gree_2010_Pinto,320,489,168,254,360,218,348,280,157,370,359
883A,883_6.3_9_CO_gree_2010_Pinto,320,495,158,244,360,216,357,280,212,374,339
884A,884_5.4_86_CO_eat_2010_Yellow,320,495,158,244,360,216,357,280,169,374,339
885A,885_6.1_49_CO_eat_2010_Yellow,320,489,172,250,360,216,348,280,173,382,375
886A,886_3.9_16_CO_eat_2010_Yellow,320,489,172,252,360,216,348,280,173,386,367
887A,887_3.5_49_CO_eat_2010_Yellow,320,489,172,250,360,216,348,280,173,382,375
888A,888_4.8_5_CO_eat_2010_Yellow,324,483,172,250,360,222,348,280,173,378,367
889A,889_4.6_5_CO_eat_2010_Yellow,322,483,172,250,360,222,348,280,173,378,367
890A,890_4.8_5_CO_eat_2010_Yellow,322,483,172,250,360,222,348,280,173,378,367
891A,891_3.6_5_ND_tlc_2010_unk,322,483,172,250,360,222,348,280,173,378,367
892A,892_4_5_ND_tlc_2010_unk,320,483,168,250,360,218,342,280,165,370,359
893A,893_4.2_5_ND_tlc_2010_unk,322,483,172,250,360,222,348,280,173,378,367
894A,894_5.6_5_ND_tlc_2010_unk,322,483,172,250,360,222,348,280,173,378,367
895A,895_5.7_5_ND_tlc_2010_unk,322,483,172,250,360,220,348,280,173,378,367
896A,896_5.8_50_ND_gfc_2010_unk,320,483,172,252,366,218,342,282,165,370,355
897A,897_4.9_5_ND_pmc_2010_unk,322,483,172,250,360,222,348,280,173,378,367
898A,898_5.6_13_ND_pmc_2010_unk,322,483,172,250,360,222,348,280,173,378,367
899A,899_5.9_13_ND_pmc_2010_unk,322,483,172,250,360,222,348,280,173,378,367
900A,900_6.2_5_ND_pmc_2010_unk,322,483,172,250,360,222,348,280,173,378,367
901A,901_4.6_13_ND_wlc_2010_unk,320,489,168,252,366,220,348,282,173,378,371
902A,902_6_5_ND_wlc_2010_unk,322,483,172,250,360,222,348,280,173,378,367
903A,903_6_5_ND_wlc_2010_unk,322,483,172,250,360,222,348,280,173,378,371
904A,904_5.6_3_ND_wlc_2010_unk,320,489,172,252,360,222,348,280,173,386,371
905A,905_5.8_60_ND_pmc_2010_unk,322,483,172,250,360,222,348,280,173,378,367
906A,906_5.1_87_ND_pmc_2010_unk,320,489,174,252,360,222,348,280,173,378,371
907A,907_5.5_60_ND_pmc_2010_unk,322,483,172,250,360,222,348,280,173,378,367
908A,908_5.7_5_ND_tlc_2010_unk,322,483,172,250,360,222,348,280,173,378,367
909A,909_5.6_5_ND_tlc_2010_unk,322,483,172,250,360,222,348,280,173,378,367
910A,910_5.3_13_ND_tlc_2010_unk,322,483,172,250,360,222,348,280,173,378,367
911A,911_5.4_5_ND_gfc_2010_unk,322,483,172,250,360,222,348,280,173,378,367
912A,912_5.3_5_ND_gfc_2010_unk,322,483,172,250,360,222,348,280,173,378,367
913A,913_4.8_5_ND_gfc_2010_unk,320,489,168,250,360,222,342,282,173,378,367
914A,914_5.9_5_ND_tlc_2010_unk,322,483,172,250,360,222,348,280,173,378,367
966A,966_4.5_33_FR_flds_2012_unk,320,483,172,252,360,216,348,280,165,386,371
967A,967_5.8_34_FR_flds_2012_unk,320,483,172,252,360,216,348,280,165,386,339
968A,968_4.2_34_FR_flds_2012_unk,320,483,170,254,360,216,348,280,165,370,339
970A,970_5.2_35_FR_flds_2012_unk,320,489,170,244,360,216,348,280,173,382,371
